Name,Institute,Link to webpage,National/International,Type,Subject,Sub-discipline,Open for 2023?,Short description,Online/Offline,Application Start Date,Application Deadline,Internship Timeline,Requires acceptance from prof?,Eligibility Year,SOP required?,Requires LORs?,"CGPA cut-off, if any?",Number of positions,Stipends?,Funding for expenses,Enter date you updated this table,Additional comments
Kupcinet-Getz International Summer School,Weizmann Institute of Science,https://www.weizmann.ac.il/feinberg/admissions/kupcinet-getz-international-summer-school/about-program-0,International,Training programme/School,Chemistry Computer science Biology Maths Physics,,Not updated,"Copy of the title page of your passport. Your CV. If applicable, please include information about previous experience in research, and list any publications that you may have authored. A passport-size photo, should be added to the first page of your CV. Current official and authorized transcript, including grades. An English translation signed by your university registrar must be submitted if the original transcripts are issued in a language other than English. Letter of motivation, up to one page in length. Include a couple of brief paragraphs describing your interest in science and in the program, and why you believe you should be admitted.",Not updated,Not updated at the time of compilation,Not updated at the time of compilation,TBA (duration is approximately eight weeks),"Not mentioned, but it is probably like the IAS SRFP, application is to a research group under a professor.",3rd Year 4th year,Yes,Yes,3.6/4.0 (Note: The GPA scaling is different),Not mentioned,"NIS 500 per week (up to NIS 4,000 in total)",Lodging,,"Previous experience is an advantage, but not a requirement. English is medium of communication, so a certain level of fluency is expected."
Visiting BARC programme,BARC (bhabha atomic research centre),http://www.barc.gov.in/student/,National,Training programme/School,Biology Chemistry Physics,"Not specific, but I had assume your research has to have something to do with BARC goals",Not updated,"BARC also offers a program for ppl who have done 5 yr integrated masters based on GATE score. Check out OCES and DGFS. Bsc and Msc students can visit the BARC campus during undergrad years for practical training. For the latter scheme, short term training and long term project work are both allowed",Not updated,3 months prior to preferred date for starting project,Not updated at the time of compilation,"Physics, Chemistry  for practical training - 2 months; 3-6 months for project work. Biosciences  3-6 months.",No,3rd Year 4th year,Yes,Not mentioned,Not mentioned,"From any college, max. 3 applicants with the same degree will be accepted",No info,None,"December 26, 2021","Two separate schemes have been included here, but the one more relevant for us is the Bsc/ Msc one ig. We need to call up BARC and see if integrated masters students are allowed to apply"
IST Austria ISTernship,IST Austria,https://phd.pages.ist.ac.at/isternship/,International,Internship,Biology Chemistry Computer science ECS Maths Physics Arts,,Yes,"1. Your resume/CV: include your educational history from high school onwards relevant work experience additional qualifications list of publications (if any) scholarships, awards, etc. (if any) 2. Statement of purpose: a one-page essay in which you explain your research experience and the research area(s) you find the most interesting your motivation for applying to the IST Austria ISTernship program which professor(s) you are interested in doing research with 3. University transcripts/diplomas of current and completed/previous degrees 4. One or two referee(s) who taught or supervised your work in an academic setting: you will need to enter their names institutions, and email addresses The referee(s) will be contacted directly by us (by email) and asked to submit a reference letter for you. The reference letter is needed to complete your application.",Offline,,2022/02/15,2-3 months between May 15 and September 15. Exact dates and length are decided together with the supervisor.,"You do not need to contact the professor(s) of the research group during the application phase. Applications are to the research group, not professor(s)",2nd Year 3rd Year 4th year 5th year,Yes,Yes,None,"30-40, acceptance rate is 3%","Yes, scholarships are available",Travel and Lodging,,
SSERD (Society for space education and R&D),-,https://www.sserd.org/internship/,National,Internship,Physics,Space sciences,Yes,,Not updated,10th January,2022/02/01,4 week,Not mentioned,1st Year 2nd Year 3rd Year,No,No,None,Not mentioned,Not mentioned,,10th jan,
GIPEDI,IIT-Delhi,https://sites.google.com/site/gipediinterns,National,Internship,Physics,Electrical Sciences,Not updated,,Not updated,Not updated at the time of compilation,Not updated at the time of compilation,8 weeks,,2nd Year 3rd Year,Yes,No,,Not mentioned,Not mentioned,,10th jan,
IITB Research internship,IIT-Bombay,https://www.iitb.ac.in/en/education/research-internship,National,Internship,Biology Chemistry Physics,,Not updated,ITB Research Internship Award is designedas an educational and professional research experience. These awards are available for specific research projects. The details of these projects are made available to the candidates so that they can apply for projects of their interest and can prepare well for a rigorous selection procedure. The number of interns will be restricted to the number of projects available. The selected interns are required to work full time for four to six months on the project and will be given a fixed stipend.,Not updated,Not updated at the time of compilation,Not updated at the time of compilation,6-8 weeks,Not mentioned,2nd Year 3rd Year 4th year,Yes,Yes,"Not mentioned, might be required.",not mentioned,,,10th jan,The program was cancelled for 2021
IITK SURGE,IIT-Kanpur,http://surge.iitk.ac.in/,National,Training programme/School,Chemistry Computer science Physics,,Yes,,Not mentioned,01-12-22,2022/02/04,2 months,,2nd Year 3rd Year 4th year,Not mentioned,Yes,,,,Funding available,10th jan,
SRIP,IIT-Gandhinagar,https://srip.iitgn.ac.in/info/,National,Internship,Biology Chemistry Computer science Physics,,Not updated,,Not updated,Not updated at the time of compilation,Not updated at the time of compilation,2 months,,1st Year 2nd Year 3rd Year,Not mentioned,Yes,,,No info available,no info,10th jan,
SPARK,IIT-Roorkee,https://spark.iitr.ac.in/,National,Internship,Biology Chemistry ECS Physics,,Yes,To provide research exposure to interested undergraduate students of IITR. To attract and nurture talented undergraduate students of other institutes.Some of these students may then choose to apply for postgraduate or doctoral studies at IITR.IT Roorkee is organizing institute-funded SPARK fellowships for summer internships with a weekly stipend of ₹2500/week and project-funded summer internships in Summer 2021.,Not mentioned,Not updated at the time of compilation,Not updated at the time of compilation,2 months,,1st Year 2nd Year 3rd Year 4th year,Not mentioned,Yes,CGPA > 8.0,,2500 rs/week,,10th jan,
Internship in cryptology,RC Bose Centre,https://www.isical.ac.in/~rcbose/internship/,National,Internship,Maths,,no,,,Not updated at the time of compilation,Not updated at the time of compilation,,,,,,,,,,10th jan,
ICTS SN Bhat Summer Fellowship,ICTS-TIFR,https://www.icts.res.in/academic/summer-research-program,National,Internship,Maths Physics,,Yes,,Both - Online and Offline,11-01-21,2022/01/31,Summer,,3rd Year 4th year 5th year 2nd Year,Yes,Yes,,,No info available,,10th jan,
Visiting students' research programme,TIFR,https://www.tifr.res.in/~vsrp/,National,Internship,Biology Chemistry Maths Physics,,Yes,,online,Not updated at the time of compilation,Not updated at the time of compilation,6-8 weeks,,1st Year 2nd Year 3rd Year 5th year 4th year,Not mentioned,Not mentioned,none,,"Participants are paid a a stipend of Rs 7000/- for ~4.5 week programme (Maths) and Rs 14000/- for ~9 week programme (NSF/STCS), 1.33 times return railway fare by second class (sleeper class for travel beyond 500 km) and are provided with shared hostel accommodation.",,10th jan,
Summer internship program JNCASR,JNCASR,https://www.jncasr.ac.in/academic/fandeprogrammes/srfp,National,Internship,Biology Chemistry Physics,Check website,Not updated,,Not mentioned,Not updated at the time of compilation,Not updated at the time of compilation,6-8 weeks,,1st Year 2nd Year 3rd Year 5th year 4th year,,Not mentioned,,,10K,,10th jan,The program was cancelled for 2021
Space astronomy summer program,Space & Telescope Science Institute,https://www.stsci.edu/opportunities/space-astronomy-summer-program,International,Training programme/School,Physics,Astronomy and Astrophysics,Yes,,online,1st Jan 22,2022/01/31,8 weeks,,1st Year 2nd Year 3rd Year 5th year 4th year,Not mentioned,Not mentioned,,,"The stipend for the 2022 program is $720 per week, which is comparable to other astronomical summer internships in the U.S. Travel and housing assistance is not provided for the 2022 Virtual SASP.",,10th jan,"For SOP and LOR details, please check application on web page"
SURP CUHK,Chinese University of Hong Kong,https://www.summer.cuhk.edu.hk/surp/,International,Internship,Biology Physics Chemistry,,Yes,,Offline,Started,2022/02/01,8 weeks,,1st Year,Not mentioned,Yes,not mentioned,,Details not mentioned.,,10th jan,
The Smithsonian Institution Fellowship Program (SIFP),Smithsonian Institute,https://ofi.si.edu/internship-opportunities/,International,Internship,Arts and sciences Biology Maths Physics Chemistry,,Yes,"These are centrally funded opportunities that place interns throughout the Smithsonian. Click the links to find out how each program works.This is a list of all the current internship opportunities at the Smithsonian, sorted by unit. Use this list to get a better sense about where you might like to pursue an internship at the Smithsonian, click the links to dig deeper. You can also view all of the Smithsonian’s internships with their deadlines by clicking here.",Both - Online and Offline,Started,Not updated at the time of compilation,mostly 8 weeks,,1st Year 2nd Year 3rd Year 5th year 4th year,Not mentioned,Not mentioned,none,,,,10th jan,"This is not 1 internship program but a compilation of many internships, all these programs have different starting and ending date, please browse through the link."
Kupcinet-Getz international summer school,Weizzman institute of Science,https://www.weizmann.ac.il/feinberg/admissions/kupcinet-getz-international-summer-school/about-program-0,International,Internship,Biology Chemistry Maths Physics,,Not updated,,Not mentioned,Not updated at the time of compilation,Not updated at the time of compilation,mostly 8 weeks,,1st Year 2nd Year 3rd Year 5th year 4th year,Not mentioned,Not mentioned,,,,,10th jan,"Was cancelled for 2021, unlikely to be held in 2022, hence no updates, keep checking the provided website"
Aalto Science Institute (AScI) Summer Training,Aalto science institute,https://www.aalto.fi/en/aalto-science-institute/aalto-science-institute-asci-internship-programme,International,Internship,Biology Maths Physics,,Yes,,Offline,01-01-22,2022/01/31,12 weeks,,1st Year 2nd Year 3rd Year 5th year 4th year,Not mentioned,Yes,,45,"Students will be employed as research assistants by their hosting department. The salary is sufficient to cover living costs, including accommodation. The salary is determined based on experience and qualifications according to the salary system of Aalto University. The minimum salary is 1800 €/ month. In addition, a fixed travel bonus is paid",,10th jan,
"Summer Training Program,CNIO",Centro Nacional de Investigaciones Oncologicas,https://www.cnio.es/en/education-and-career-development/career-development-programmes/undergraduate-students/,International,Training programme/School,Biology,,Not updated,,Not updated,Not updated at the time of compilation,Not updated at the time of compilation,6-7 weeks,,1st Year 2nd Year 3rd Year 5th year 4th year,Not mentioned,Not mentioned,,,,,10th jan,
ITRI Summer internship,"Industrial Technology Research Institute ,Taiwan (ITRI)",https://www.itri.org.tw/english/ListStyle.aspx?DisplayStyle=05&SiteID=1&MmmID=617731531432246346,International,Internship,Computer science,,Yes,,Not updated,Started,"No deadline, application portal would be closed on basis on number of enrollments",10 weeks,,1st Year 2nd Year 3rd Year 5th year 4th year,Not mentioned,Not mentioned,,35,"Free on-site accommodation on ITRI campus - modern dormitories on a spacious campus with dining and recreational facilities Monthly stipend (before taxes): NT$22,000 – NT$36,000 per month, depending on student’s experience and department’s situation; if you are offered a position, the offer will specify the stipend and other details. Free ITRI Group Insurance (Note: this is Accident Insurance - those who want full medical coverage must purchase it independently.)",,10th jan,
Charpak Lab Scholarship,French universities/labs/institutes,https://www.inde.campusfrance.org/charpak-lab-scholarship,International,Scholarship,Biology Chemistry Computer science ECS Maths Physics,General,Yes,"Documents required: Application form, Scanned copy of the first page of the passport, full CV, Admission/Acceptance letter from the French institution/lab, attested scanned copies of mark sheets, French language certificate (if any), No objection certificate (NOC) from the Indian Institution where the student is studying Link for application: http://ifi.scholarship.ifindia.in/ There is also a Charpak Exchange Scholarship",Not updated,Monday 13th December 2021,2022/02/14,May to July covered under the scholarship,One has to be in possession of an admission/acceptance letter from a French laboratory or institution where the research internship/project will be carried out,1st Year 2nd Year 3rd Year 4th year 5th year,Yes,Optional,None,,"Monthly stipend of 700 euros for a maximum of 2 months (between May and July) provided by the Embassy of France in India, student visa, and Etudes en France fee waiver",None/No info available,,Knowing French is not mandatory but helpful
Summer student program(SSP),"Saha institute of Nuclear physics, DAE",http://www.saha.ac.in/web/summer-program,National,Training programme/School,Chemistry Physics Biology,Physical sciences and biophysical sciences,Not updated,"Project, lectures, and report submission are involved, seems more like a training camp for aspiring researchers in physics and biophysics. Direct exposure to research faculties and science staff. Selection based on acads of student as well as ranking of institute",Not updated,Not updated for 2022,Not updated for 2022,No info provided except that this is a summer program,"No, just apply with refree reports and SINP will do the rest",3rd Year,No,Yes,No cutoff mentioned. excellent academic record required,Not mentioned,Monthly stipend+ boarding-lodging available.,Travel and Lodging,,
Internship @NIPER Ahmedabad,"National Institute of Pharmaceutical Education and Research, Hyderabad",https://www.niperahm.ac.in/internships.htm,National,Internship,Biology,Pharmaceuticals,Not updated,"Students get 3 choices of faculty, must pay 15000 rupees to the institute, not much other info available",Not updated,Not updated,Not updated for 2022,Starting 10-15 June for 45 days,Not mentioned,Not mentioned,Not mentioned,Optional,No specific details availab;e,Not mentioned,None mentioned,None,,There seems to be very little info and the website was last updated in 2018.
CalTech SURF,CalTech,https://sfp.caltech.edu/undergraduate-research/programs/surf,International,Internship,Biology Chemistry Computer science ECS Engineering Maths Physics Space science,,Yes,An online application A research proposal written by the student and uploaded to the application An unofficial transcript Confidential letters of recommendation Visiting (non-Caltech) students must submit three confidential letters from faculty (at least two in the relevant discipline).,Offline,mid-December,2022/02/22,"The SURF start date is June 16 - July 13, 10 week period after that","Yes, mentor/professor has to accept your research proposal",1st Year 2nd Year 3rd Year 4th year,Project Proposal,3 LORs,2.5/4.0 (Note: scaling of CGPA is different),Not mentioned,"$6,840 award for the ten-week period",None/No info available,1st Jan,"Please go through the website yourself, because there are a lot of minor specifications that are subjective to the applicant."
Dissertation work,IICB- CSIR,https://www.iicb.res.in/academics/short-term-training-programme,National,Training programme/School,Biology Chemistry,,Not updated,"Training for masters students for dissertation.Opportunities are also available for short-term trainee/summer-fellows through the sponsored programme from the government agencies such as Academy Summer Fellow (INSA/IAS), INSPIRE, KVPY etc. In such cases, CSIR-IICB will accept application or recommendation from the concerned sponsored agencies. No direct application from the student will be accepted under this category. Selected students from Biotech-RISE programme (programme of W.B Govt, Biotech Department) are also admitted as per admissibility",Not updated,"not mentioned, but applications must be sent 45 days before training starts",Not updated at the time of compilation,TBA,Yes,,No,Yes,Not mentioned,Not mentioned,Not mentioned,None,1st Jan,
WISE - DAAD,Public/State-funded German universities/research institutes. (Private institutes/companies do not count),https://www2.daad.de/deutschland/stipendium/datenbank/en/21148-scholarship-database/?detail=50015295,International,Scholarship,Biology Chemistry Computer science ECS Engineering Maths Physics,,Yes,"The applicant must be a registered student of her/his institution. It is necessary to obtain a No Objection Certificate for the entire duration of the internship from the home institute. This form is available under the category Application Procedure of the program announcement. The Approval Form (see under ""Application Procedure"") is mandatory and must be completely filled out by the German host. The document must clearly mention the exact start and end dates of the internship. The applicant must submit a CV, transcript, and a short research proposal along with the documents mentioned above.",Offline,6 weeks before the application deadline,2022/11/08,A 2 to 3 month research stay spanning between the months of May and August. Internships of less than 60 days and more than 90 days cannot be supported under the scheme of this program.,"The applicant must search independently for a German professor/guide, under whose supervision s/he could carry out her/his research. In the case of several offers, the applicant must select one internship.",3rd Year 4th year,Yes,,8.5/10.0,Not mentioned,"A monthly scholarship of 750 euros for undergraduate students (the monthly instalment will be calculated on a daily basis, i.e. 25 euros per day) A lump sum travel subsidy of currently 1,050 euros Payments towards health, accident and personal liability insurance covered by DAAD",,1st Jan,"High proficiency in English expected, German language skills not mandatory"
Summer internship at IISER Berhampur,IISER berhampur,https://www.iiserbpr.ac.in/index.php?category=doaa&pid=internship,National,Internship,Biology Chemistry ECS Maths Physics,,Not updated,No specific info can be found on their page,Not updated,Not updated at the time of compilation,Not updated at the time of compilation,,"Yes, students need to contact faculty mentor",,,,,,,subsidized accommodation,1st Jan,Website provides info only for 2020
UTSIP Kashiwa,University of Tokyo,https://www.ilo.k.u-tokyo.ac.jp/summer_en,International,Internship,Biology Chemistry ECS Physics,,Yes,"Documents: Cover Letter, CV, Transcript, LOR, Certificate of Registration, Certificate of English proficiency",Offline,1st December 2021,2022/01/07,"Program A : May 30, 2022  July 15, 2022 (47 days) Program B : June 20, 2022  August 5, 2022 (47 days)",Application is to a research group,1st Year 2nd Year 3rd Year 4th year 5th year,Yes,Yes,None,25,JPY 130000,Lodging,,You need to pay JPY 50000 (~ INR 32000) for the internship if selected. Fee waiver applications are accepted though.
India Connect@NTU,NTU Singapore,https://www.ntu.edu.sg/education/student-exchanges/india-connect@ntu,International,Internship,Arts and sciences Biology Chemistry Computer science ECS Engineering Life sciences Maths Physics Space science,,Yes,The Academic Referee Letters (2 such letters are required) and Recommendation Letter are mandatory for submission of your application. Please have them ready upon completing the application form.,Offline,Summer Term: 1 November 2021 Fall Term: 1 February 2022,Summer Term: 2021/12/31 Fall Term: 2022/03/31,Summer Term: 10 May 2022 - 23 July 2022 Fall Term: 3 August 2022 - 31 December 2022,"Student will be referred to suggested faculty members for their consent and if mutually agreed, visiting research student offer will be made.",4th year 5th year,Not mentioned,Yes,Good academic track record(!),Not mentioned,Not mentioned,None/No info available,,Recommended to visit website for winter term also. Also has exchange programs.
DESY Summer Student Programme,DESY research center,https://summerstudents.desy.de/,International,Internship,Physics,"Solid-state physics and nanoscience, Molecular sciences, Soft-matter sciences, Development of experimental techniques, Lasers and optics, Theory and computing, Experiments in Elementary Particle and Astroparticle Physics, Theory of Elementary Particles and Astroparticle Physics",Yes,The website is yet to provide information for the 2022 program. Check website to stay updated.,Offline,Early 2022 (probably in February),Not updated at the time of compilation,July 19 to September 8,,3rd Year 4th year 5th year,,,Not mentioned,,,subsidized travel and accomodation,,All applicants should have a good working knowledge of English and some basic computing skills.
OIST Research Internship Program,Okinawa Institute of Science and Technology,https://admissions.oist.jp/oist-research-internship-program-description,International,Internship,Biology Chemistry Maths Physics,,Yes,"Transcript and CV required, 1-3 LORs, application link: https://admissions.oist.jp/apply-research-internship",Offline,Not updated at the time of compilation,2022/04/15,"Fall 2022 Internship: Between October 1st 2022  March 31st 2023 (There is also a 2022-2023 program, please visit website)","Students are accepted to the OIST program and will go through lab matching process, therefore it is important to list the Faculty of Interest, but it is not necessary to contact faculty to get their approval or support prior to applying.",3rd Year 4th year 5th year,Yes,Yes,Not mentioned,Dependent on which unit you choose (visit the website for further information: https://admissions.oist.jp/availability-faculty-project-hosting-research-internship-program),"JPY 2,400 per working day (Non-taxable and weekends excluded)",Travel and Lodging,,Check the website for spring 2023 internship also
NIGINTERN,"National Institute of Genetics, Japan",https://www.nig.ac.jp/jimu/soken/intern/2022/index.html,International,Internship,Biology Life sciences,"Bioinformatics, Biophysics and Structural Biology, Cell Biology, Genome Biology, Plant Biology, Neurobiology, Molecular Biology and Biochemistry, Evolutionary and Quantitative Biology, Developmental Biology",Yes,Applicant should be a 4th year (pre-final year) at the time of application,Offline,26th November 2021,2022/01/07,"June 16  July 27 , 2022","Not mentioned, but it is most probably an application to a research group rather than a professor",4th year,Yes,Yes,Very selective (12/2200 in 2021),12/2200 in 2021,"No stipend mentioned, but check the funding. CV, Transcript, 2 LORs. There is a possibility that NIGINTERN2022 will be conducted online depending on the situation of COVID-19.",Travel and Lodging,,
HSCI Internship Program,Harvard University (Harvard Stem Cell Institute),https://hsci.harvard.edu/research/hsci-internship-program-hip,International,Internship,Biology,Stem Cell Laboratory,Yes,"Transcript, CV, 2LORs, proof of proficiency in English",Offline,6th December 2021,2022/02/07,10 weeks in the Summer 2022,"No, application is to the lab",2nd Year 3rd Year 4th year,Yes,Yes,"Not mentioned, but highly selective",~20/6000,"$5,000.00 stipend (subject to 14% tax: $5,000.00 - 14% = $4300.00)",Travel and Lodging,,"Previous research experience in a biological laboratory is highly desirable, but not required."
"BioChemCoRe (Biology and Chemistry Computational Research), Amaro Lab,",UC San Diego,http://biochemcore.ucsd.edu/,International,Internship,Biology,"Biochemistry, Molecular biology, Cell biology, Computational Biology, Biophysics",Not updated,"BioChemCoRe has evolved and is now a diverse outreach program in computational chemistry and biology that include local students of both genders who are interested in computational sciences. Our summer program allows significant opportunities to explore a variety of interests through work on projects ranging from the use of computational biophysics to explore dynamic molecular recognition events, to applying multi-scale modeling to fully elucidate a protein from the molecular to the subcellular level. It is a dynamic summer internship program dedicated to nurturing the vast potential each student possesses, and challenging him or her to always consider science in the context of societal needs.",,Not updated at the time of compilation,Not updated at the time of compilation,8 weeks from mid june,,2nd Year 3rd Year 4th year,Not mentioned,Not mentioned,Not mentioned,,,,"December 25, 2021",
TEEP (Taiwan),Group of institutes,https://teep.studyintaiwan.org/programs,International,Internship,Biology Chemistry Life sciences Maths Physics,,Not updated,"In 2015, Taiwans Ministry of Education launched the Taiwan Experience Education Program (TEEP) to encourage more international students to participate in short-term professional internship projects organized by Taiwanese universities and colleges. TEEP also allows international students to gain an in-depth educational experience in Taiwan, while also preparing themselves for the Asian job market.",Not updated,"Not mentioned, students are asked to mail the university of interest to inquire",Not updated at the time of compilation,,,Not mentioned,Not mentioned,Not mentioned,,,"All the TEEP programs will provide a scholarship (tuition fee waiver and a monthly stipend of living expenses, maximum 15,000 NTD) to participants, however, the amount of scholarship is decided by the principal investigator of the individual program.",,"December 25, 2021",
IISERP Summer student programme,IISERP,https://www.iiserpune.ac.in/engage/partnerships/international-relations/programmes,National,Internship,Biology Chemistry ECS Maths Physics,No specific sub discipline,Not updated,"So IISERP takes international as well as national students (who arent already studying at IISERP). Theyre allowed to do projects here. This program focuses on interdisciplinary work. International site updated for 21, check in early 22 for updates but national has only been updated for 20",Not updated,"Not mentioned, prolly will start around Feb 29",Not updated at the time of compilation,Prediction based on prev. years info: 15 May to 15 August; 12 weeks,No mention,2nd Year 3rd Year 4th year,Not mentioned,Not mentioned,excellent academic record,Not mentioned,limited financial support,subsidized travel and accomodation,"December 25, 2021","From what I gather, this is mostly meant for international students, no info about eligibility of BSMS students even for other IISERs, has been provided"
Two month student internship funded by DST SERB,IISERM,https://web.iisermohali.ac.in/tenders/tenderinvite/index.php/iiserm-project-openings/1990-two-months-student-internship-position-for-indian-nationals-in-the-research-projects-funded-by-dst-serb-as-a-part-of-scientific-social-responsibility,National,Internship,Biology Chemistry Physics,Microbiology and biochem,Yes,"Ive put in this specific example, but IISERM offers many internships with very very small windows of application and few open spots for Bsc, Msc students, so please keep checking for IISERM internships regularly, I cant think of any better system :/",Not updated,3 Dec 21;,2021/12/13,generally IISERM internships seem to be offered for 2 months,There are mostly only 2 to 3 profs here,Not mentioned,Yes,Yes,No mention,"very very few, generally around 3-4","not mentioned, but salary is 5k per month. Funding by SERB",None/No info available,"December 25, 2021","Internships at IISERM are offered for bio and chem people mostly, but I saw one in 2020 for physics too"
IISER-K Summer Student Research Programme,IISERK,https://www.iiserkol.ac.in/~summer.research/,National,Internship,Biology Chemistry ECS Maths Physics,none,Not updated,"IISERK has a aummer research programme every year, even on 2021 and all science students are encouraged to apply",Not updated,tentative: 21 April,2022/05/06,17 May to 16 July,"No, but you can choose the prof you want from a list",Not mentioned,Not mentioned,Not mentioned,Not mentioned,Not mentioned,Not mentioned,None/No info available,"December 25, 2021","Its prolly reasonable to assume this will happen in 2022 as well, the 21 version was online"
IISER Thiruvananthapuram Summer visiting students program,IISER thiruvananthapuram,https://www.iisertvm.ac.in/pages/svp,National,Internship,Biology Chemistry Physics,none mentioned,Not updated,"until 2020, the summer visiting students program was offered for phy, chem and bio. It might be defunct now, since there havent been any updates for 2021. 2020 program was shut down abruptly due to COVID 19. This program appears to hve been IISER TVMs flagship internship programme though",Not updated,Not updated at the time of compilation,Not updated at the time of compilation,No mention,No mention,Not mentioned,Not mentioned,Not mentioned,Not mentioned,Not mentioned,Not mentioned,None/No info available,"December 25, 2021","This program may be held in 2022 if COVID situation improves, but there is no info as of yet regarding 2022"
SURGE IITK,IIT Kanpur,http://surge.iitk.ac.in/,National,Internship,nonspecific,None mentioned,Not updated,"Students from IITK and other participating institutions undertake short duration, but focused research projects and push their intellectual abilities beyond those driven by the classroom. The SURGE participants are required to give a mid-term presentation after four weeks, to a review committee consisting of a group of academic staff members. The review committee gives feedback and suggests possible improvements in the work. At the end of the program all the SURGE students make a poster presentation of the work carried out at IITK. The poster presentation is open to the public. It is also evaluated by faculty members. The duration of the program is approximately 10 weeks and the beginning date of SURGE program is 14th June, 2021 and last date is 22nd August, 2021. An award plus a commendation certificate is given to those SURGE students who produce exceptional quality research during the period.",Not updated,Not updated at the time of compilation,Not updated at the time of compilation,10 weeks starting 14 June,No,3rd Year 4th year 5th year,Not mentioned,Yes,Not mentioned,Not mentioned,12.5k for 10-8 weeks,Semi-Funded,"December 25, 2021","This will probably happen in 2022, but the 2021 edition was online."
Undergraduate Research Initiative,IIT Jodhpur,https://iitj.ac.in/institute/index.php?id=undergraduate_research_initiative,National,Internship,nonspecific,not mentioned,Not updated,The Undergraduate Research Initiative (UGRI) program of the Indian Institute of Technology Jodhpur provides a platform to young students to engage in research with faculty members of the institute during summer. Program lasts 6-8 weeks at IIT Jodhpur,Not updated,Not updated at the time of compilation,Not updated at the time of compilation,6-8 weeks mostly in May,No,3rd Year 4th year 5th year,Yes,No,not mentioned,Not mentioned,2k per week of stay,subsidized accommodation,"December 25, 2021","Very old info, from 2019. Check during early 2022. IIT Jodhpur also has some other internships for entrepreneurship/management https://iitj.ac.in/uploaded_docs/Advertisement_01_Internship%20(Admn%20&%20Tech)_03092021.pdf"
Summer internship programme,IIT Ropar,https://www.iitrpr.ac.in/internship-policies-iit-ropar,National,Internship,Biology Chemistry Maths Physics,Not specific,Not updated,"Students registered for a degree in any academic institution willing to carry out Summer Internship at IIT Ropar in the fields of Civil Engineering, Chemical Engg., Computer Science and Engineering, Electrical Engineering, Mechanical Engineering, Chemistry, Humanities & Social Sciences, Mathematics, Physics, Centre for Material and Energy Engineering and Centre for Biomedical Engineering may apply for the Internship http://Programme.SIte. Site has not been updated since 2018, and the recent internships offfered are all for Mtech/ Btech students",Not updated,Not updated at the time of compilation,Not updated at the time of compilation,May-July around 6-7 weeks,yes,1st Year 2nd Year 3rd Year 4th year 5th year,Yes,Not mentioned,Not mentioned,Not mentioned,No info,Travel and Lodging,"December 25, 2021","There is no update for 2022. The 2021 link is https://onlineportal.iitrpr.ac.in/sia-21 On the website, there is info only about 2018, but the internships were offered even in 2021, it seems."
Summer research internship program,University of Hyderabad,http://herald.uohyd.ac.in/summer-research-internship-program/,National,Internship,Life sciences,Life sciences,Yes,"The SLS, internationally recognised for its excellence in teaching and research, is initiating this program to train graduate/post-graduate students in cutting edge areas of biology. This enables the trainees to fain first-hand knowledge, especially skills with sophisticated instruments frequently used in research setup and biotech industry.",Not updated,Not updated at the time of compilation,Not updated at the time of compilation,Summer program,"No, but you need to choose 3 preferred profs",Not mentioned,No,Not mentioned,Not mentioned,Not mentioned,Not mentioned,None/No info available,"December 26, 2021","This was supposed to be held from May 2021 to June 2022, but the link provided on the website for application does not work"
Chemistry summer project,Univ of Hyd,http://chemistry.uohyd.ac.in/~nrc/summer-projects.html,National,project,Chemistry,Non specific,Not updated,No info available on the website,Not updated,Not updated at the time of compilation,2022/03/15 tentative,"Summer programme, 2 months prolly starting May","Not mentioned explicitly, but you need to contact the faculty",3rd Year 4th year 5th year,Not mentioned,Not mentioned,not mentioned,Not mentioned,Not mentioned,None/No info available,"December 26, 2021","This was conducted in 2021, so it will prolly happen in 2022 too"
Student internship program,NCL National chemical laboratory,https://www.ncl-india.org/,National,Internship,Chemistry,chemistry / chemical engineering / life sciences / plant molecular biology / physics / materials/ organic / science communication / management,Not updated,A limited number of BTech/BS-MS/MTech/MSc students shall be allowed access to the research facilities of CSIR- NCL under the supervision of one or more CSIR- NCL scientists for short term training / summer training in the field of chemistry / chemical engineering / life sciences / plant molecular biology / physics / materials/ organic / science communication / management and other allied areas of interest to CSIR-NCL. Interested students are requested to visit the NCL website (http://www.ncl-india.org/) for more details on the current research activities of the laboratory. Students must possess a good academic record as well as interest and aptitude to pursue research.,Not updated,Not updated at the time of compilation,Not updated at the time of compilation,Not updated,"Yes, you need to directly mail the scientist you want to work with and get acceptance",Not mentioned,Yes,Not mentioned,"Not mentioned, excellent acad record",Not mentioned,not mentioned,First come first serve basis accomodation,"December 26, 2021","The website hasnt been updated since 2019, but BSMS students seem to be welcomed here. contact NCL directly for queries"
NCL summer training schemes,NCL,http://academic.ncl.res.in/summer_training,National,Training programme/School,Chemistry Physics,Not mentioned,Not updated,These are some programs which dont pertain to BSMS second years but Ive attached them here anyways,,Not updated at the time of compilation,Not updated at the time of compilation,,,,,,,,,,,
Summer research program,CEBS (Centre for excellence in basic sciences),https://www.cbs.ac.in/https://www.cbs.ac.in/academics/summer-research-program,National,project,Biology Chemistry Physics,"Chemistry , Biology , Nuclear Physics , Astronomy , AstroLab, Condensed Matter",Not updated,"UM-DAE Centre for Excellence in Basic Sciences (CEBS) has been established by Department of Atomic Energy (Govt. of India) in collaboration with the University of Mumbai, for promoting quality undergraduate (integrated http://m.sc/.) education in a research environment. CEBS invites applications from MSc students for Eleven summer-projects. The project duration can be about two months (14th May to 13th July 2018) and only MSc students (who have completed 1st yr MSc or 8th Sem of Integrated MSc or BS-MS) or above are eligible to apply. However, individual projects may have further prerequisites which are described in this document CEBS will provide excellent education, research training and guidance, laboratory facilities.Yielding significant contribution, the summer student may even be considered towards a co-authorship in resulting publications. Students from Universities at remote locations and underdeveloped regions of India are encouraged to apply.",Not updated,Not updated at the time of compilation,Not updated at the time of compilation,2 months,Not mentioned,4th year 5th year,Not mentioned,Not mentioned,Not mentioned,Not mentioned,I would assume this is well funded,subsidized travel and accomodation,"December 26, 2021","This info is very old (2018). However, specific info about BSMS students has been provided, so we should prolly check it out"
NIUS program,"HBCSE, TIFR",https://secure.hbcse.tifr.res.in/nius/physics/,National,Training programme/School,Biology Chemistry Physics,Non specific,Yes,"National initiative on undergraduate science, for first year students pursuing science degrees",Not updated,"Physics- Mar 10, Bio- Oct 21",Not updated at the time of compilation,2 years,no,1st Year,Yes,Yes,No,"Not sure, maybe around 50 to 70",Not mentioned,None/No info available,"December 23, 2021",
IIRS internship programme,Indian institute of remote sensing (IIRS) affiliated w/ ISRO,https://www.iirs.gov.in/,National,Internship,Biology Chemistry Computer science ECS Physics,"geoinformatics, GPS tech",Yes,"Indian institute if remote sensing, PG needs to be done, science background. IIRS also facilitates research project/ summer training https://www.iirs.gov.in/iirs/sites/default/files/pdf/Dissertation_Policy_May2016.pdf Applications should be sent to Administrative Officer (Academics), Indian Institute of Remote Sensing, 4 Kalidas Road, Dehradun  248001.",Not updated,"not mentioned, allowed 2x per year",2022/10/31 and 2022/03/31,min 3 months max 1 yr,Yes,,Not mentioned,Not mentioned,Not mentioned,Not mentioned,Not mentioned,Travel and Lodging,"December 23, 2021","We are not eligible, program only for PG students"
BIRBAL SAHNI SUMMER INTERNSHIP PROGRAM,Birbal Sahni Institute of Palaeosciences (BSIP) Lucknow,https://www.bsip.res.in/bsip_summer_internship.php,National,Internship,Biology Chemistry ECS Physics,Plant or earth sci or anything related to work at BSIP,Not updated,"Research in fossil plant taxonomy, morphology, anatomy, evolutionary aspects of plant life through the geological ages, biodiversity, vegetation dynamics, palynology, evolution, marine and continental ecosystems, biostratigraphy, geochemistry, geochronology, coal petrology, polar research, glaciology, dendrochronology, climate change, archaeobotany and allied aspects, is pursued in Institute.Intensive theory and practical courses are designed for the Internship Program with durations of up to eight weeks during May-July every year. Applications received in regard to this program will be short-listed by a committee designated by the Director. Candidates will be selected upon the recommendations of the committee and approval by the Director. The selected students will be informed by the BSIP about the actual date of commencement of the Internship Program and the Mentor to whom the student is assigned. The Mentor will be responsible for providing the required training materials and for guiding the trainee during the internship.",Not updated,"None mentioned, apply thu your own univ","none, applications taken throughout the year",8 weeks,no,Not mentioned,Yes,Yes,Not specified,"10 seats total, max 2 from one insti",None mentioned,subsidized accommodation,"December 23, 2021",
IIST Summer internship program,Summer internship program,https://admission.iist.ac.in/internship/,National,Internship,nonspecific,prolly phy-math oriented,Yes,"Every summer, a large number of talented interns come to IIST to work with faculty on interesting short term projects. Students at various stages in BTech, BS-MS, MSc, and other programmes from reputed institutions like IITs and IISERs come to IIST for summer internships.The summer internships of does not have fellowships. However, boarding and lodging will be provided at nominal rates of Rs 125 and Rs 25 respectively, per day. Interns also have to pay a nominal amount of Rs 100 towards certain administrative charges, at the time they join for internship. Each intern will have a temporary identity card which would enable them to access various facilities in IIST. Interns will be provided certificates for completed internships. Internships withheld since 2020 due to coronavirus concerns.",Not updated,Tentative: around mid march,Not updated at the time of compilation,Not specified,Not specified,Not mentioned,Yes,Yes,Not mentioned,Not mentioned,Not mentioned,subsidized accommodation,Dec 2021,"Has not been updated in ages (as usual smh) but IIST seems to want BSMS IISER students to apply, so this is worth checking out. Id recommend calling these people up and asking about whether internships are still offered"
Summer Internship Programme,VNIT (Nagpur),,,Internship,Physics,,,,,Not updated at the time of compilation,Not updated at the time of compilation,,,,,,,,,,,
"Summer Research Programme, IMSc",IMSc,https://www.imsc.res.in/summer_research_programme,National,Internship,Mathematics Biology Computer science,"Computational Biology, Theoretical Computer Science",Not updated,,Not mentioned,Not updated at the time of compilation,Not updated at the time of compilation,,,,Not mentioned,,Round trip train fare + 200 Rupees per diem,,,,,
Summer Training,IIT G,https://www.iitg.ac.in/biotech/index_post.php?name=Summer-Training&page=8994ae968a268348bdb5883fbd13b1c779d46aac,National,Training,Biology,,Not updated,,Not mentioned,Maximum 10 weeks,Not updated at the time of compilation,Not mentioned,,,Not mentioned,Not mentioned,Fee- 5000 Rupees,Fee,Provided if requested,,7th Jan,
IIT_G Summer Internship,IIT G,https://www.iitg.ac.in/mechold/summer_intern.php,National,Internship,Mechanical,,Not updated,,Not mentioned,Not updated at the time of compilation,Not updated at the time of compilation,Not mentioned,?,,Not mentioned,Not mentioned,Not mentioned,Not mentioned,Not mentioned,,7th Jan,
IIT_ G Summer Internship,IIT G,https://www.iitg.ac.in/maths/ext/internship/,National,Internship,Mathematics,,Not updated,,Not mentioned,4 to 8 weeks,Not updated at the time of compilation,,,,Not mentioned,,,,,On request,7th Jan,
Summer Internship Programme,Physical Research Laboratory,https://www.prl.res.in/prl-eng/summer_internship,National,Internship,Physics,,Not updated,,Not mentioned,About 8 weeks,Not updated at the time of compilation,,,,,No,No,No,No,,7th Jan,
RRI Visiting Students Programme,Raman Research Institute,https://www.rri.res.in/visitingstudents.html,National,Internship,Not explicitly mentioned,,Not updated,,Not mentioned,4 to 6 weeks (Any time of year) Option of more too.,Not updated at the time of compilation,Not mentioned clearly,,,Not mentioned,Not mentioned,13000 per month. 1000Rs per week if part time,Train tickets paid by RRI (Terms and Conditions apply),No,,7th Jan,
RRI Summer Student Programme,Raman Research Institute,https://www.rri.res.in/summerstudentprogramme.html,National,Internship,Engineering,,,,,Not updated at the time of compilation,Not updated at the time of compilation,,,,,,,,,Not mentioned,7th Jan,
LIGO SURF,"IUCAA Pune, CalTech",https://www.gw.iucaa.in/ligo-surf-program/,National,Training,Gravitation Wave Instrumentation,,Yes,,,Mid-May to July end,,Not mentioned,,,Not mentioned,2 LORs,Not mentioned,Not mentioned,,Not mentioned,7th Jan,
Visiting student programme,IUCAA Pune,https://iucaa-cms.iucaa.in/IUCAA/index.php/education/student-programmes/summer-winter-programmes/vacation-students-programme,National,,Physics,,Not updated,,Not mentioned,Not mentioned,,,,3rd Year,Not mentioned,Not mentioned,,,10000 Rupees,Train expenditure (terms and conditions apply),7th Jan,
GW Summer Projects,IUCAA Pune,https://www.gw.iucaa.in/research_opportunities/,National,Internship,Physics,Astrophysics mostly,Yes,,,Depends on agreement,,Any,,,Not mentioned,Limited (Not mentioned,Not mentioned,Not mentioned,,Not mentioned,7th Jan,
Short Term Courses,NIT Rourkela,https://nitrkl.ac.in/oldwebsite/Prospective_Students/9Internship/Default.aspx,National,Course,Not mentioned,,Not updated,,Not mentioned,Not mentioned,,Not mentioned,,,Not mentioned,Not mentioned,Not mentioned,Not mentioned,,Not mentioned,7th Jan,
Summer Internship,NIT Rourkela,https://nitrkl.ac.in/oldwebsite/Prospective_Students/9Internship/Default.aspx,National,Internship,Not mentioned,,Not updated,,Not mentioned,2 months,,Not mentioned,,,Not mentioned,,Yes (For few),Yes (For Few_,,,7th Jan,
Summer Internship Programme,NIT Calicut,Website of 2021 only present,National,Internship,Biology Chemistry Maths Physics Engineering,All Departments,Not updated,,Not mentioned,45 Days usually starting form June,,2nd for Pure Science,,,,Not mentioned,No,No,,Yes,7th Jan,
Summer Internship Programme,VNIT (Nagpur),Website for 2021,National,Internship,Engineering and Science,All Department,,,,,,,,,,,,,,,7th Jan,
Internship,Chennai Mathematical Institute,https://www.cmi.ac.in/admissions/internships.php,National,Internship,Mathematics Computer science,,Not updated,,Not mentioned,One month to One semester,,Preffered 2nd year or above,,,Not mentioned,Not mentioned,,Train ticket covered by CMI (terms and conditions apply),,Yes or other facility provided by CMI,7th Jan,
International Biology Undergraduate Summer School (BUSS),"University of Zurich, Switzerland",https://www.biologie.uzh.ch/de/Studium/UndergraduateSummerSchool.html,International,Internship,Biology,,Yes,Check website,Offline,"15 December, 2021",2022/02/15,1st July - 31st August 2022,Not mentioned,Not mentioned,Yes,Yes,"Not mentioned, but you need to upload your transcript",Not mentioned,"Stipend covers local and travel expenses, exact value not mentioned",Yes,4th Jan 2022,Previous experience is specifically asked for.
Undergraduate Research Program (URP),"Cold Spring Harbor Laboratory, New York, USA",https://www.cshl.edu/education/undergraduate-research-program/,International,Training programme/School,Biology,Molecular Biology & Cancer Genetics & Genomics Neuroscience Plant Biology Quantitative Biology,Yes,Check website,Offline,,2022/01/15,June 6 - August 6 2022,Not mentoned,2nd Year 3rd Year,Yes,2 LORs,No,20,6000 USD,No,4th Jan 2022,Previous experience is optional just like grade eligibility.
Summer Undergraduate Research Programme (SURP),The Chinese University of Hong Kong,https://www.summer.cuhk.edu.hk/surp/,International,Internship,Biology Chemistry ECS Maths Physics Engineering Computer science Arts and sciences,,Yes,Check website,Both - Online and Offline,Jan 2022,2022/02/21,25 June - 20 August,Not mentioned,Not mentioned,Yes,Yes,Not mentioned,80,"No, instead Fees are to be paid",No,4th Jan 2022,
Summer Undergraduate Research Program (SURP),"Gerstner Sloan Kettering, USA",https://www.sloankettering.edu/gerstner/summer-undergraduate-research/overview,International,Internship,Biology,Biomedical Sciences,Yes,Check website,Offline,Dec 2021,2022/02/01,Not mentioned,No,1st Year 2nd Year 3rd Year,Yes,2 LORs,3.0/4.0,20,6000 USD,No,4th Jan 2022,Previous research experience mandatory!!!
Max Planck Summer Internship Program - MaxSIP,"Max Planck Institute of Neurobiology and Biochemistry, Germany",https://imprs-ls.opencampus.net/en/MaxSIP,International,Internship,Biology,Neurosciences and Biochemistry,Yes,Check website,Offline,1st Jan 2022,2022/02/15,8 weeks in summer,No,2nd Year 3rd Year 4th year,Yes,Yes,3.7/4.0,"Last year, 17 selections",500 Euros/month,Compensation for travel and free accomodation,5th Jan 2022,Previous research experience is highly recommended
2022 ICT Summer Research Program,"Institute of Creative Technologies, University of Southern California, USA",https://ict.usc.edu/academics/internships/,International,Internship,Computer science,Computer Science and its applications in diverse fields,Yes,Check website,Offline,Not updated at the time of compilation,2022/01/31,10-12 weeks in during May-August,Not mentioned,2nd Year 1st Year 3rd Year 4th year 5th year,Not mentioned,Not mentioned,Not mentioned,Not mentioned,Not mentioned,Yes,5th Jan,
Amgen Scholars Program,"4 institutes - Kyoto University (Japan), National University of Singapore, The University of Tokyo (Japan), Tsinghua University (China)",https://amgenscholars.com/asia-program,International,Internship,Biology Chemistry ECS Maths Physics Computer science Engineering Science and Engineering,All,Yes,Check website,Offline,Not updated at the time of compilation,2022/02/01,8-10 weeks from July - August,No,2nd Year 1st Year 3rd Year 4th year,Not mentioned,Not mentioned,Not mentioned,Not mentioned,Yes,Yes,5th Jan,
Summer Undergraduate Program in Engineering Research at Berkeley (SUPERB),"EECS Berkeley, USA",https://eecs.berkeley.edu/resources/undergrads/research/superb,International,Internship,Computer science Engineering,Electrical Engineering and Computer Science,Yes,Check website,Offline,Nov 2021,2022/01/31,9 weeks from June to August,No,2nd Year 1st Year 3rd Year 4th year,Yes,Yes,3.0/4.0,Not mentioned,5000 USD,600 USD for travel,5th Jan,
Summer Internship 2022- MPIA,"Max Planck Institute of Astronomy, Heidelberg, Germany",https://www.mpia.de/en/careers/internships/summer/application,International,Internship,Physics,Astronomy and Astrophysics,Yes,Check website,Offline,Not updated at the time of compilation,2022/02/14,Not mentioned,No,2nd Year 1st Year 3rd Year 4th year,Yes,Yes,"Not mentioned, but CGPAs expected",4-6,800-1000 Euros/month,Not mentioned,5th Jan,
VSRP 2022 KAUST,"King Abdullah University of Science and Technology, Saudi Arabia",https://vsrp.kaust.edu.sa/internship/introduction,International,Internship,Biology Chemistry ECS Maths Physics Computer science Engineering,All,Yes,Check website,Both - Online and Offline,Accepted year round,Not updated at the time of compilation,3-6 months,No,3rd Year 4th year 5th year,Yes,,05-03-04,,,,10 Jan,
"Internships at NUS, Sinagapore",NOT SPECIFIC,https://nus.edu.sg/cfg/students/jobs-internships/internships,International,Internship,Not explicitly mentioned,-,Yes,Basically of 3 types out of which 2 for international students.,Not updated,-,-,-,-,2nd Year 3rd Year 4th year 5th year,Yes,2 LORs,-,-,Check for individual programmes,Check for individual programmes,10Jan,
Janelia undergraduate programme,Janelia,https://www.janelia.org/you-janelia/students-postdocs/undergraduate-scholars-program,International,Internship,Biology,Behavioral & Systems Neuroscience Biosensor Development Cellular & Molecular Neuroscience Evolution & Genetics Instrumentation & Computational Tool Development Neuronal Cell Biology Optical Physics & Imaging Structural Biology & Biochemistry Theory & Computational Neuroscience,Yes,"-A 10-week summer program aimed at well-prepared, independent, and committed students with significant research experience. We accept undergraduates and masters students from around the world and Participants must be actively enrolled as a student during the period of the Janelia Undergraduate Scholars program.",Not mentioned,-,2022/01/12,10 weeks,No,2nd Year 3rd Year 4th year 5th year,Yes,2 LORs,-,-,,,,Previous research expereince mandatory. Must know programming languages
"John Innes Centre, The Sainsbury Laboratory and The Genome Analysis Centre UK","John Innes Centre, The Sainsbury Laboratory and The Genome Analysis Centre UK",https://www.jic.ac.uk/training-careers/summer-schools/international-undergraduate/,International,Internship,Biology,"Plant Bio, Molec bio and genetics Primarily related to plant sciences",Yes,"-Projects of your own choice, 8 week stay, free accomodaton",Offline,-,2022/01/17,8 Weeks 3 July to 26 August 2022.,No,1st Year 2nd Year 3rd Year 5th year 4th year,Yes,,-,-,£250 per week stipend,free accomodations,10th Jan,
"Lunenfeld-Tanenbaum Research Institute, Toronto","Lunenfeld-Tanenbaum Research Institute, Toronto",https://research.lunenfeld.ca/rtc/Default.asp?page=Summer,International,Internship,Biology,-,Yes,"Students will be expected to complete a three (3) month period at the Lunenfeld-Tanenbaum and work full-time hours (37.5 hours per week). Students will work on a project assigned to them by their laboratory supervisor. In addition, students will be required to summarize their work in the form of a poster presentation at an event near the end of the summer.",Offline,-,2022/02/28,3 months,No,2nd Year 3rd Year 4th year 5th year,Yes,No,"No, but requires you to submit transcripts",,Students will be paid at an hourly rate of $14.35+ 4% vacation pay,,10 Jan,"Application Procedure: Prospective students must apply ONLINE and submit the following: A resume or curriculum vitae, including permanent and sessional addresses; (ONE cover letter that includes the area(s) of research you are interested in and three (3) investigators whose labs you would prefer to work in - List of Investigators Unofficial transcripts (online transcript printouts are sufficient); The names and contact information of two (2) references (academic preferred) * Reference letters are NOT required Complete applications must be submitted online by midnight February 28, 2022. Only ONE application per person is permitted. All additional applications will be deleted."
"Summer undergrad research fellowship programme, Rockefeller univ",Rockefeller univ,https://www.rockefeller.edu/education-and-training/surf/,International,Internship,Not explicitly mentioned,-,Yes,College sophomores and juniors are eligible to spend 10 weeks during the summer in a Rockefeller University laboratory. The program begins in early June and ends in mid-August.,Offline,-,2022/02/01,,,,,,,,"SURF students receive a stipend of $6,000.00",Free housing will be provided for students who cannot commute.,01-10-00,
EPFL Switzerland,EPFL Switzerland,https://www.epfl.ch/schools/sv/education/summer-research-program/,International,Internship,Biology,"Cancer bioligy, Neuroscience, Bio-Engineering etc",Yes,-,Not updated,November,,-,-,2nd Year 3rd Year 4th year 5th year,,,3.75/4 or equivalent,,,,"Novermber 13, 2022",
SATYENDRA NATH BOSE NATIONAL CENTRE FOR BASIC SCIENCES,SNBNCBS,https://www.bose.res.in/,International,Internship,Maths Physics Chemistry Biology,"Very Biology related physics, chem research",Not updated,The project will be for a period of eight weeks (with no break) under the supervision of a Faculty Member of SNBNCBS in an area of mutual interest.,Both - Online and Offline,around april,2022/05/01,"8 weeks, june to august mostly",Yes,4th year 5th year Master students,Not mentioned,Yes,“good acad record”,,INR 1250/month,"Possible for some candidates, by the SN Bose center for basic sciences",01-10-22,No info on 2022 program available. this program was conducted in 2021. Check website for more info
SURI Arizona state,Arizona State Univ,https://graduate.engineering.asu.edu/suri/,International,Internship,Not explicitly mentioned,"seems to be some chem, material science, physics and fuel",Yes,"ONly volunteer positions open for indians, PhD type research exposure, mostly engg grads welcomed",Both - Online and Offline,"Open NOW!!!!!, 1 dec 21",2022/02/01,8 weeks- May 25 to Jul 22 2022,No,4th year 5th year,Yes,Yes,none,no info,None for indians,Accomadation,01-10-22,
Asia amigen scholars programme,Multiple Unis,https://amgenscholars.com/asia-program,International,Internship,Not explicitly mentioned,-,Yes,"will have to apply other colleges under the asia programme, check further from the faq section of the given website.",Both - Online and Offline,-,2022/02/01,,,,,,,,,,,
Honkong University of Sc and Tech. International Visiting Internship Student Program,HKUST,https://pg.ust.hk/prospective-students/programs/short-term-study/international-visiting-internship-student-program,International,Internship,Not explicitly mentioned,No info,Yes,"To promote diversity, the University provides sponsorship to selected international visiting interns under the International Visiting Internship Student Program. The Program supports qualified candidates from institutions outside Hong Kong to come to HKUST to engage in research work under the supervision of our top-notch faculty for a period of 2 - 6 months.",Both - Online and Offline,Open now,Not updated at the time of compilation,2-6 months,Need to talk to “supervisor”,3rd Year 4th year,Yes,Not mentioned,Not mentioned,No info,"Monthly allowance of HK$10,000 - HK$12,000 (~US$1,300 - US$1,500) may be provided to qualified students subject to the supervisor's agreement and the availability of funds.",Use allowance,01-10-22,
"UROP international, RWTH aachen","RWTH Aachen, Germany",https://www.rwth-aachen.de/go/id/wmy/lidx/1,International,Internship,Not explicitly mentioned,,Yes,Check website,Offline,Not updated at the time of compilation,2022/01/10,10 weeks - May 13 to July 23,No,Not mentioned,Yes,Yes,3.2/4.0,60,"30 scholarships with1850 Euros each, Rest have to be self-funded.",Not mentioned,10th Jan 2022,None
Santa fe institute summer research experience,Sante Fe,https://www.santafe.edu/engage/learn/programs/undergraduate-complexity-research,International,Internship,Biology Chemistry ECS Maths Computer science,,Yes,"a 10-week residential experience in complex systems science for undergraduate students, Students develop and carry out an independent research project in collaboration with an SFI mentor and as a member of the supportive UCR community.",Not mentioned,Check webiste by mid-oct 2022,,10 week,,1st Year 2nd Year 3rd Year 5th year 4th year,,Yes,,,"Students receive a stipend of $600 per week, or $6,000 over the course of the program. All UCRs are provided with housing and meals at no cost and some travel support.",,13th Nov 2022,
Research in Industrial Projects for Students 2022,"University of California, Los Angeles",http://www.ipam.ucla.edu/programs/student-research-programs/research-in-industrial-projects-for-students-rips-2022/?tab=overview,International,Internship,Maths Computer science Engineering,-,Yes,The RIPS REU is available in Singapore as well. The application is the same for both programs.,Offline,-,2022/02/14,Nine weeks in summer,Not mentioned,Not mentioned,Yes,Yes,Not mentioned,Not mentioned,"Stipend of $3,800 • Travel allowance • Housing at UCLA campus • Meals • Site-visit with sponsors • Limited partial support for future travel to select conferences • Visa sponsorship for selected international students","Stipend of $3,800 • Travel allowance • Housing at UCLA campus • Meals • Site-visit with sponsors • Limited partial support for future travel to select conferences • Visa sponsorship for selected international students",10th Jan 2022,
International Merit Scholarship at University of South Australia,University of South Autralia,https://international.unisa.edu.au/scholarships-and-sponsorships/international-merit-scholarship/,International,Scholarship,Not explicitly mentioned,,Yes,Ment for relaxation of 15% of of tutuion fees while admitting to Australia based masters or graduate programme. -Be a prospective international student -Be eligible to study in Australia -Not have accepted any other UniSA scholarship or bursary -Meet normal degree admission requirements for the degree applied into -Have achieved the UniSA equivalent of a credit average (Grade Point Average (GPA) 5.0) or above in previous studies or have an offer conditional upon completion of an award with a Credit average -Meet the minimum English language entry requirements for the degree applied into or have an offer conditional upon meeting the English language entry requirement. -You will automatically be assessed when applying for an eligible undergraduate (Bachelor) or postgraduate (Masters by Coursework) degree offered at UniSA,,,Not updated at the time of compilation,,,Not mentioned,,,5.0/10.0 in previous studies,,,,,International students planning for graduate studies at University of South Australia. -Be a prospective international student -Be eligible to study in Australia -Not have accepted any other UniSA scholarship or bursary -Meet normal degree admission requirements for the degree applied into -Have achieved the UniSA equivalent of a credit average (Grade Point Average (GPA) 5.0) or above in previous studies or have an offer conditional upon completion of an award with a Credit average -Meet the minimum English language entry requirements for the degree applied into or have an offer conditional upon meeting the English language entry requirement. -You will automatically be assessed when applying for an eligible undergraduate (Bachelor) or postgraduate (Masters by Coursework) degree offered at UniSA
Training for Scholarship Awardees,Central Drug Research Institute,https://cdri.res.in/TrainingScholarshipAwardees.aspx,National,Training,Biology Chemistry,-,Not updated,• Under this category candidates getting scholarships / selected / nominated from some of the prestigious institutions are provided training. The training comprise of both lectures and practical by their scientists and technical staff.,Not mentioned,,,,,Not mentioned,Depends on method of application,No,Not Mentioned,Varies from type of elligibility,Fee different for each eligibility type.,Not mentioned,,
Visiting Students Programmer,HRI,https://www.hri.res.in/academics/physics/phy-vsp/,National,Internship,Mathematics Physics,,Not updated,http://m.sc/,Offline,"For visiting in May - August, Appln Period: November 1 - February 28/29 [Check website for more]",,4 weeks,,Not mentioned,No,Yes,No,Not mentioned,Not properly mentioned,Many services will be paid for by the institute under certain terms and conditions. Check them on website.,,
Summer Programme in Mathematics,HRI,http://www.hri.res.in/~spim/,National,Training,Mathematics,,Not updated,"HRI conducts the Summer Programme in Mathematics (SPIM), a scheme for introducing interesting mathematics to undergraduates who have spent three or more years at college. The programme involves intensive lectures on selected topics over a month in the summer of every year.",Not mentioned,Not updated at the time of compilation,Not updated at the time of compilation,1-2 months,,3rd Year,No,2 LORs,No,Not mentioned,Not mentioned,Not mentioned,,
Visiting Student Programme,Aryabhatta Research Institute of Observational Sciences (ARIES)Nainital,https://www.aries.res.in/opportunities/vsp,National,Internship,Physics,Astronomu,no,,,,,,,,,,,,,,,
IBAB internship Bngalore,"Institute of Bioinformatics and Applied Biotechnology, Bangalore",https://www.ibab.ac.in/research/internship/,National,Internship,Biology,"Bioinformatics, Biotech",Not updated,"Internships are short-term research training programmes, which are highly beneficial for undergraduate and postgraduate students. Many of such students have an interest in undertaking short-term research projects at IBAB. The institute is happy to nurture these students. However due to space and resource constraints, only a limited number of interns can be hosted at a given time",Not mentioned,,,"2-6 Months, Longer Preffered",,1st Year 2nd Year 3rd Year 5th year 4th year,Yes,Not mentioned,No,Not mentioned,No,No,,
Summer Training,ICSCCB,https://icsccb.org/summer-training/,National,Training + Internship,Biology,"Biotech, Stem cell and Cancer",Not updated,"In the summer of 2015, a new undergraduate summer training programme was initiated at the Indian Institute of Science, Bangalore. The aim of the programme is to introduce undergraduates to the rapidly and continuously evolving field of Bioengineering, with an opportunity to work alongside researchers involved in this field. The eight-week programme combines hands-on research training with a diverse set of didactic and research lecture",Not mentioned,Not updated at the time of compilation,Not updated at the time of compilation,1 May to 1 June 2022,,1st Year 2nd Year 3rd Year 5th year 4th year,No,Not mentioned,No,10,Fee= 20000Rs plus food and accomodation,Not mentioned,,
MITACS Globalink,70 Universities across differnt countries,https://www.mitacs.ca/en/programs/globalink/globalink-research-internship,International,Internship,Biology Chemistry Maths Physics ECS Engineering Computer science,,Yes,"12-week internship that increases your knowledge of and explores hands-on research in your field of study Work under the supervision of outstanding faculty members, with graduate students and research associates Access to Canada’s unique research landscape: applied, dynamic, and innovative A rewarding experience combining academic research at a Canadian university, professional skills development courses and social activities A chance for you to explore your independence and gain international experience in a new country The opportunity to connect with potential graduate supervisors should you be interested in returning to Canada for graduate studies with a Mitacs Globalink Graduate Fellowship",Both - Online and Offline,-,Terminated for 2025,12 weeks,Yes,5th year 4th year,Yes,Yes,"Yes, varies according to country",Not mentioned,Check website,Check website,01-10-22,
ThinkSwiss,Swiss universities,https://swissnex.org/india/thinkswiss/,International,Scholarship,Biology Chemistry ECS Maths Physics Computer science,,Yes,"ThinkSwiss Research Scholarships is a program that opens doors for students from India, Singapore and Australia to the world of Swiss academia, that combines high quality curriculum with innovative thinking. The scholarship accepts students who have completed their 2nd year of under graduation or are currently enrolled in a post-graduation (Master's) programme. The students need to be enrolled with an Indian, Singaporean or Australian university. Please note that PhD students are not eligible to apply.",Not mentioned,,2022/03/15,research anytime between 1st June 2022 - 31st December 2022,Yes,3rd Year,Yes,Letter of acceptance from guide,"No, but used for evaluation",Not mentioned,No,"tay, maximum upto three months: a monthly scholarship of CHF 1,600 (approx. USD 1,600) for a period of two to three months (CHF 4,800 maximum). Please note that this amount covers only a portion of the average student’s living expenses and that you will be asked to prove sufficient financial means to the Swiss Cantonal authorities before a visa can be issued (see information on visa below).",01-10-22,https://www.studyinswitzerland.plus/
Shastri Student Internship Programme,Shastri Indo-Candadian institutes (selected institutes across India and canada),https://www.shastriinstitute.org/Shastri_Student_Internship_Project,International,Internship,Biology Chemistry Maths Physics,,no,,,,,,,,,,,5,,,,
Internship Programme,University of Pune,https://scms.unipune.ac.in/programmes/,National,Internship,Gravitation Wave Instrumentation Biology Chemistry Mathematics Physics Computer science Mechanical,,Yes,,Depends,Whenever student is interested,-,Less than 1 year,No,Not mentioned,Yes,No,No,Not mentioned,No,No,01-23-22, 
